CPM,Time
19,1679700139.854585
8,1679700149.8649294
18,1679700159.8734827
14,1679700169.8837512
24,1679700179.8940153
16,1679700189.9042783
12,1679700199.9145472
20,1679700209.9248123
14,1679700219.9350793
16,1679700229.945388
14,1679700239.9556491
15,1679700249.9659193
16,1679700259.9761925
